{
  "id": "2286611",
  "name": "五金shang'cheng",
  "font_family": "iconfont",
  "css_prefix_text": "icon-",
  "description": "",
  "glyphs": [
    {
      "icon_id": "720799",
      "name": "个人信息",
      "font_class": "gerenxinxi",
      "unicode": "e659",
      "unicode_decimal": 58969
    },
    {
      "icon_id": "1134325",
      "name": "密码",
      "font_class": "mima",
      "unicode": "e679",
      "unicode_decimal": 59001
    },
    {
      "icon_id": "5030",
      "name": "购物车满",
      "font_class": "gouwucheman",
      "unicode": "e600",
      "unicode_decimal": 58880
    },
    {
      "icon_id": "1167189",
      "name": "退出 (1)",
      "font_class": "tuichu1",
      "unicode": "e64b",
      "unicode_decimal": 58955
    },
    {
      "icon_id": "1271957",
      "name": "首页",
      "font_class": "shouye",
      "unicode": "e605",
      "unicode_decimal": 58885
    },
    {
      "icon_id": "1486835",
      "name": "首页",
      "font_class": "shouye1",
      "unicode": "e62f",
      "unicode_decimal": 58927
    },
    {
      "icon_id": "1703529",
      "name": "搜索",
      "font_class": "sousuo",
      "unicode": "e643",
      "unicode_decimal": 58947
    },
    {
      "icon_id": "2121733",
      "name": "会员",
      "font_class": "huiyuan",
      "unicode": "e60e",
      "unicode_decimal": 58894
    },
    {
      "icon_id": "4343208",
      "name": "优惠券",
      "font_class": "youhuiquan",
      "unicode": "e697",
      "unicode_decimal": 59031
    },
    {
      "icon_id": "4933301",
      "name": "订单",
      "font_class": "dingdan",
      "unicode": "e719",
      "unicode_decimal": 59161
    },
    {
      "icon_id": "5269224",
      "name": "会员",
      "font_class": "huiyuan1",
      "unicode": "e625",
      "unicode_decimal": 58917
    },
    {
      "icon_id": "9557791",
      "name": "购物车",
      "font_class": "gouwuche",
      "unicode": "e63c",
      "unicode_decimal": 58940
    },
    {
      "icon_id": "11195024",
      "name": "购物车",
      "font_class": "gouwuche1",
      "unicode": "e65e",
      "unicode_decimal": 58974
    },
    {
      "icon_id": "14095230",
      "name": "收藏",
      "font_class": "shoucang",
      "unicode": "e771",
      "unicode_decimal": 59249
    },
    {
      "icon_id": "16505896",
      "name": "收货地址",
      "font_class": "shouhuodizhi",
      "unicode": "e7f2",
      "unicode_decimal": 59378
    }
  ]
}
